{
	"info": {
		"_postman_id": "10e0b9fa-4d48-4256-8f9e-8d913a4ef54d",
		"name": "Class",
		"schema": "https://schema.getpostman.com/json/collection/v2.1.0/collection.json",
		"_exporter_id": "25682308"
	},
	"item": [
		{
			"name": "Add Class",
			"request": {
				"auth": {
					"type": "bearer",
					"bearer": [
						{
							"key": "token",
							"value": "{{Token}}",
							"type": "string"
						}
					]
				},
				"method": "POST",
				"header": [],
				"body": {
					"mode": "raw",
					"raw": "{\r\n  \"course_id\": 1,\r\n  \"instructor_id\": 1,\r\n  \"schedule\": \"2025-01-20 10:00:00\",\r\n  \"location\": \"Room 101\",\r\n  \"meeting_link\": \"https://zoom.us/meeting/123\"\r\n}\r\n",
					"options": {
						"raw": {
							"language": "json"
						}
					}
				},
				"url": {
					"raw": "{{BaseURL}}/classes",
					"host": [
						"{{BaseURL}}"
					],
					"path": [
						"classes"
					]
				}
			},
			"response": []
		},
		{
			"name": "Get Class",
			"request": {
				"auth": {
					"type": "bearer",
					"bearer": [
						{
							"key": "token",
							"value": "{{Token}}",
							"type": "string"
						}
					]
				},
				"method": "GET",
				"header": [],
				"url": {
					"raw": "{{BaseURL}}/classes",
					"host": [
						"{{BaseURL}}"
					],
					"path": [
						"classes"
					]
				}
			},
			"response": []
		},
		{
			"name": "Update Class",
			"request": {
				"auth": {
					"type": "bearer",
					"bearer": [
						{
							"key": "token",
							"value": "{{Token}}",
							"type": "string"
						}
					]
				},
				"method": "PUT",
				"header": [],
				"body": {
					"mode": "raw",
					"raw": "{\r\n  \"schedule\": \"2025-01-20 10:00:00\",\r\n  \"location\": \"Room 101\",\r\n  \"meeting_link\": \"https://zoom.us/meeting/123\"\r\n}\r\n",
					"options": {
						"raw": {
							"language": "json"
						}
					}
				},
				"url": {
					"raw": "{{BaseURL}}/classes/:id",
					"host": [
						"{{BaseURL}}"
					],
					"path": [
						"classes",
						":id"
					],
					"variable": [
						{
							"key": "id",
							"value": "1"
						}
					]
				}
			},
			"response": []
		},
		{
			"name": "Delete Class",
			"request": {
				"auth": {
					"type": "bearer",
					"bearer": [
						{
							"key": "token",
							"value": "{{Token}}",
							"type": "string"
						}
					]
				},
				"method": "DELETE",
				"header": [],
				"url": {
					"raw": "{{BaseURL}}/classes/:id",
					"host": [
						"{{BaseURL}}"
					],
					"path": [
						"classes",
						":id"
					],
					"variable": [
						{
							"key": "id",
							"value": "1"
						}
					]
				}
			},
			"response": []
		}
	]
}