{
	"info": {
		"_postman_id": "538b44a7-d48e-472f-8e20-9aa9235db91a",
		"name": "Course",
		"schema": "https://schema.getpostman.com/json/collection/v2.1.0/collection.json",
		"_exporter_id": "25682308"
	},
	"item": [
		{
			"name": "Create Course",
			"request": {
				"auth": {
					"type": "bearer",
					"bearer": [
						{
							"key": "token",
							"value": "{{Token}}",
							"type": "string"
						}
					]
				},
				"method": "POST",
				"header": [],
				"body": {
					"mode": "raw",
					"raw": "{\r\n  \"name\": \"Web Development\",\r\n  \"description\": \"Learn HTML, CSS, JS\",\r\n  \"school_id\": 1,\r\n  \"course_type\": \"diploma\",\r\n  \"duration\": 12,\r\n  \"fee\": 500,\r\n  \"delivery_mode\": \"remote\"\r\n}",
					"options": {
						"raw": {
							"language": "json"
						}
					}
				},
				"url": {
					"raw": "{{BaseURL}}/courses",
					"host": [
						"{{BaseURL}}"
					],
					"path": [
						"courses"
					]
				}
			},
			"response": []
		},
		{
			"name": "Update a Course",
			"request": {
				"auth": {
					"type": "bearer",
					"bearer": [
						{
							"key": "token",
							"value": "{{Token}}",
							"type": "string"
						}
					]
				},
				"method": "PUT",
				"header": [],
				"body": {
					"mode": "raw",
					"raw": "{\r\n  \"name\": \"Web Development\",\r\n  \"description\": \"Learn HTML, CSS, JS\",\r\n  \"school_id\": 1,\r\n  \"course_type\": \"diploma\",\r\n  \"duration\": 12,\r\n  \"fee\": 500,\r\n  \"delivery_mode\": \"remote\"\r\n}",
					"options": {
						"raw": {
							"language": "json"
						}
					}
				},
				"url": {
					"raw": "{{BaseURL}}/courses/:id",
					"host": [
						"{{BaseURL}}"
					],
					"path": [
						"courses",
						":id"
					],
					"variable": [
						{
							"key": "id",
							"value": "1"
						}
					]
				}
			},
			"response": []
		},
		{
			"name": "Delete Course",
			"request": {
				"auth": {
					"type": "bearer",
					"bearer": [
						{
							"key": "token",
							"value": "{{Token}}",
							"type": "string"
						}
					]
				},
				"method": "DELETE",
				"header": [],
				"url": {
					"raw": "{{BaseURL}}/courses/:id",
					"host": [
						"{{BaseURL}}"
					],
					"path": [
						"courses",
						":id"
					],
					"variable": [
						{
							"key": "id",
							"value": "1"
						}
					]
				}
			},
			"response": []
		},
		{
			"name": "Get All Courses",
			"request": {
				"auth": {
					"type": "noauth"
				},
				"method": "GET",
				"header": [],
				"url": {
					"raw": "{{BaseURL}}/courses",
					"host": [
						"{{BaseURL}}"
					],
					"path": [
						"courses"
					]
				}
			},
			"response": []
		},
		{
			"name": "Search for Courses",
			"request": {
				"auth": {
					"type": "bearer",
					"bearer": [
						{
							"key": "token",
							"value": "{{Token}}",
							"type": "string"
						}
					]
				},
				"method": "GET",
				"header": [],
				"url": {
					"raw": "{{BaseURL}}api/courses/search?name=Web&course_type=diploma&delivery_mode=remote",
					"host": [
						"{{BaseURL}}api"
					],
					"path": [
						"courses",
						"search"
					],
					"query": [
						{
							"key": "name",
							"value": "Web"
						},
						{
							"key": "course_type",
							"value": "diploma"
						},
						{
							"key": "delivery_mode",
							"value": "remote"
						}
					]
				}
			},
			"response": []
		},
		{
			"name": "Get a Single Course",
			"request": {
				"auth": {
					"type": "bearer",
					"bearer": [
						{
							"key": "token",
							"value": "{{Token}}",
							"type": "string"
						}
					]
				},
				"method": "GET",
				"header": [],
				"url": {
					"raw": "{{BaseURL}}/courses/:id",
					"host": [
						"{{BaseURL}}"
					],
					"path": [
						"courses",
						":id"
					],
					"variable": [
						{
							"key": "id",
							"value": "1"
						}
					]
				}
			},
			"response": []
		}
	]
}