{
	"info": {
		"_postman_id": "7c6ba4d9-bca9-4c86-b216-b39391d2c1d3",
		"name": "Grades",
		"schema": "https://schema.getpostman.com/json/collection/v2.1.0/collection.json",
		"_exporter_id": "25682308"
	},
	"item": [
		{
			"name": "Assign Grade",
			"request": {
				"auth": {
					"type": "bearer",
					"bearer": [
						{
							"key": "token",
							"value": "{{Token}}",
							"type": "string"
						}
					]
				},
				"method": "POST",
				"header": [],
				"body": {
					"mode": "raw",
					"raw": "{\r\n  \"student_id\": 1,\r\n  \"course_id\": 1,\r\n  \"grade\": \"A\"\r\n}\r\n",
					"options": {
						"raw": {
							"language": "json"
						}
					}
				},
				"url": {
					"raw": "{{BaseURL}}/grades",
					"host": [
						"{{BaseURL}}"
					],
					"path": [
						"grades"
					]
				}
			},
			"response": []
		},
		{
			"name": "Grades of a Student",
			"request": {
				"auth": {
					"type": "bearer",
					"bearer": [
						{
							"key": "token",
							"value": "{{Token}}",
							"type": "string"
						}
					]
				},
				"method": "GET",
				"header": [],
				"url": {
					"raw": "{{BaseURL}}/grades/student/:id",
					"host": [
						"{{BaseURL}}"
					],
					"path": [
						"grades",
						"student",
						":id"
					],
					"variable": [
						{
							"key": "id",
							"value": "1"
						}
					]
				}
			},
			"response": []
		}
	]
}