{
	"info": {
		"_postman_id": "6b1660e6-3d8d-42ae-9243-8319c64631fb",
		"name": "Instructor",
		"schema": "https://schema.getpostman.com/json/collection/v2.1.0/collection.json",
		"_exporter_id": "25682308"
	},
	"item": [
		{
			"name": "Get All Instructors",
			"request": {
				"method": "GET",
				"header": [],
				"url": {
					"raw": "{{BaseURL}}/instructors",
					"host": [
						"{{BaseURL}}"
					],
					"path": [
						"instructors"
					]
				}
			},
			"response": []
		},
		{
			"name": "Login - Instructor",
			"event": [
				{
					"listen": "test",
					"script": {
						"exec": [
							"const token = pm.response.json().token;\r",
							"pm.environment.set(\"Token\", token);"
						],
						"type": "text/javascript",
						"packages": {}
					}
				}
			],
			"request": {
				"method": "POST",
				"header": [],
				"body": {
					"mode": "raw",
					"raw": "{\r\n  \"email\": \"instructor1@sms.com\",\r\n  \"password\": \"instructor1@123\"\r\n}\r\n",
					"options": {
						"raw": {
							"language": "json"
						}
					}
				},
				"url": {
					"raw": "{{BaseURL}}/auth/login",
					"host": [
						"{{BaseURL}}"
					],
					"path": [
						"auth",
						"login"
					]
				}
			},
			"response": []
		},
		{
			"name": "Register - Instructor",
			"request": {
				"method": "POST",
				"header": [],
				"body": {
					"mode": "raw",
					"raw": "{\r\n  \"name\": \"Test Instructor 1\",\r\n  \"email\": \"instructor1@sms.com\",\r\n  \"password\": \"instructor1@123\",\r\n  \"role\": \"instructor\",\r\n  \"department\": \"IT\"\r\n}",
					"options": {
						"raw": {
							"language": "json"
						}
					}
				},
				"url": {
					"raw": "http://localhost:5000/api/auth/register",
					"protocol": "http",
					"host": [
						"localhost"
					],
					"port": "5000",
					"path": [
						"api",
						"auth",
						"register"
					]
				}
			},
			"response": []
		}
	]
}