{
	"info": {
		"_postman_id": "2b1b907e-c37c-4544-a7bc-e7ca358fee6e",
		"name": "School",
		"schema": "https://schema.getpostman.com/json/collection/v2.1.0/collection.json",
		"_exporter_id": "25682308"
	},
	"item": [
		{
			"name": "Add School",
			"request": {
				"auth": {
					"type": "bearer",
					"bearer": [
						{
							"key": "token",
							"value": "{{Token}}",
							"type": "string"
						}
					]
				},
				"method": "POST",
				"header": [],
				"body": {
					"mode": "raw",
					"raw": "{\r\n    \"name\":\"Test School 2\",\r\n    \"description\":\"Law School\"\r\n}",
					"options": {
						"raw": {
							"language": "json"
						}
					}
				},
				"url": {
					"raw": "{{BaseURL}}/schools/schools",
					"host": [
						"{{BaseURL}}"
					],
					"path": [
						"schools",
						"schools"
					]
				}
			},
			"response": []
		},
		{
			"name": "Update School",
			"request": {
				"auth": {
					"type": "bearer",
					"bearer": [
						{
							"key": "token",
							"value": "{{Token}}",
							"type": "string"
						}
					]
				},
				"method": "PUT",
				"header": [],
				"body": {
					"mode": "raw",
					"raw": "{\r\n    \"name\":\"Test School 2\",\r\n    \"description\":\"Law School\"\r\n}",
					"options": {
						"raw": {
							"language": "json"
						}
					}
				},
				"url": {
					"raw": "{{BaseURL}}/schools/schools/:id",
					"host": [
						"{{BaseURL}}"
					],
					"path": [
						"schools",
						"schools",
						":id"
					],
					"variable": [
						{
							"key": "id",
							"value": "1"
						}
					]
				}
			},
			"response": []
		},
		{
			"name": "Delete School",
			"request": {
				"auth": {
					"type": "bearer",
					"bearer": [
						{
							"key": "token",
							"value": "{{Token}}",
							"type": "string"
						}
					]
				},
				"method": "DELETE",
				"header": [],
				"url": {
					"raw": "{{BaseURL}}/schools/schools/:id",
					"host": [
						"{{BaseURL}}"
					],
					"path": [
						"schools",
						"schools",
						":id"
					],
					"variable": [
						{
							"key": "id",
							"value": "1"
						}
					]
				}
			},
			"response": []
		},
		{
			"name": "Get all Schools",
			"request": {
				"auth": {
					"type": "noauth"
				},
				"method": "GET",
				"header": [],
				"url": {
					"raw": "{{BaseURL}}/schools/schools/",
					"host": [
						"{{BaseURL}}"
					],
					"path": [
						"schools",
						"schools",
						""
					]
				}
			},
			"response": []
		},
		{
			"name": "Get Schools",
			"request": {
				"auth": {
					"type": "bearer",
					"bearer": [
						{
							"key": "token",
							"value": "{{Token}}",
							"type": "string"
						}
					]
				},
				"method": "GET",
				"header": [],
				"url": {
					"raw": "{{BaseURL}}/schools/schools/",
					"host": [
						"{{BaseURL}}"
					],
					"path": [
						"schools",
						"schools",
						""
					]
				}
			},
			"response": []
		}
	]
}