{
	"info": {
		"_postman_id": "bfab229d-127f-43af-a997-107698f650ea",
		"name": "Student",
		"schema": "https://schema.getpostman.com/json/collection/v2.1.0/collection.json",
		"_exporter_id": "25682308"
	},
	"item": [
		{
			"name": "Register Student",
			"request": {
				"auth": {
					"type": "noauth"
				},
				"method": "POST",
				"header": [],
				"body": {
					"mode": "raw",
					"raw": "{\r\n  \"first_name\": \"Test\",\r\n  \"last_name\": \"Student 1\",\r\n  \"email\": \"student1@sms.com\",\r\n  \"password\": \"student1@123\",\r\n  \"phone\": \"1234567890\",\r\n  \"address\": \"123 Street, City, Country\",\r\n  \"dob\": \"2000-01-01\",\r\n  \"school_id\": 1,\r\n  \"enrolled_course\": 1\r\n}",
					"options": {
						"raw": {
							"language": "json"
						}
					}
				},
				"url": {
					"raw": "{{BaseURL}}/students/register",
					"host": [
						"{{BaseURL}}"
					],
					"path": [
						"students",
						"register"
					]
				}
			},
			"response": []
		},
		{
			"name": "Login",
			"event": [
				{
					"listen": "test",
					"script": {
						"exec": [
							"const token = pm.response.json().token;\r",
							"pm.environment.set(\"Token\", token);"
						],
						"type": "text/javascript",
						"packages": {}
					}
				}
			],
			"request": {
				"method": "POST",
				"header": [],
				"body": {
					"mode": "raw",
					"raw": "{\r\n  \"email\": \"kishan071@gmail.com\",\r\n  \"password\": \"student1@123\"\r\n}\r\n",
					"options": {
						"raw": {
							"language": "json"
						}
					}
				},
				"url": {
					"raw": "{{BaseURL}}/auth/login",
					"host": [
						"{{BaseURL}}"
					],
					"path": [
						"auth",
						"login"
					]
				}
			},
			"response": []
		},
		{
			"name": "Get Student Profile",
			"request": {
				"auth": {
					"type": "bearer",
					"bearer": [
						{
							"key": "token",
							"value": "{{Token}}",
							"type": "string"
						}
					]
				},
				"method": "GET",
				"header": [],
				"url": {
					"raw": "{{BaseURL}}/students/profile",
					"host": [
						"{{BaseURL}}"
					],
					"path": [
						"students",
						"profile"
					]
				}
			},
			"response": []
		},
		{
			"name": "Update Student",
			"request": {
				"auth": {
					"type": "bearer",
					"bearer": [
						{
							"key": "token",
							"value": "{{Token}}",
							"type": "string"
						}
					]
				},
				"method": "PUT",
				"header": [],
				"body": {
					"mode": "raw",
					"raw": "{\r\n  \"email\": \"student1@sms.com\",\r\n  \"phone\": \"1234567890\",\r\n  \"address\": \"123 Street, City, Country\"\r\n}",
					"options": {
						"raw": {
							"language": "json"
						}
					}
				},
				"url": {
					"raw": "{{BaseURL}}/students/profile",
					"host": [
						"{{BaseURL}}"
					],
					"path": [
						"students",
						"profile"
					]
				}
			},
			"response": []
		},
		{
			"name": "Get Student's Registered Course",
			"request": {
				"auth": {
					"type": "bearer",
					"bearer": [
						{
							"key": "token",
							"value": "{{Token}}",
							"type": "string"
						}
					]
				},
				"method": "GET",
				"header": [],
				"url": {
					"raw": "{{BaseURL}}/students/course",
					"host": [
						"{{BaseURL}}"
					],
					"path": [
						"students",
						"course"
					]
				}
			},
			"response": []
		},
		{
			"name": "Delete Student",
			"request": {
				"auth": {
					"type": "bearer",
					"bearer": [
						{
							"key": "token",
							"value": "{{Token}}",
							"type": "string"
						}
					]
				},
				"method": "DELETE",
				"header": [],
				"url": {
					"raw": "{{BaseURL}}/students/profile/2",
					"host": [
						"{{BaseURL}}"
					],
					"path": [
						"students",
						"profile",
						"2"
					]
				}
			},
			"response": []
		},
		{
			"name": "Get all Students",
			"request": {
				"auth": {
					"type": "bearer",
					"bearer": [
						{
							"key": "token",
							"value": "{{Token}}",
							"type": "string"
						}
					]
				},
				"method": "GET",
				"header": [],
				"url": {
					"raw": "{{BaseURL}}/students/students",
					"host": [
						"{{BaseURL}}"
					],
					"path": [
						"students",
						"students"
					]
				}
			},
			"response": []
		}
	]
}